,IPI_GEN,IPI_EQ,IPI_INT,IPI_CNSNA,IPI_ALIM,IPI_ENER,IPI_AUTOMOV,IPI_MANUFAC,IPI_CNSD,IPI_NODURADERO,IPI_NOENERGIA,IPI_METALICOS,IPI_TRANSPORTE
Jan-00,119.624,127.437,132.086,134.441,85.55,106.961,107.111,119.612,236.753,97.394,123.15,215.943,116.354
Feb-00,126.347,149.709,141.653,151.057,80.232,95.949,129.532,129.707,279.326,99.513,134.811,235.842,135.07
Mar-00,137.51,163.151,155.076,168.822,89.44,96.385,143.003,141.975,310.31,111.171,148.96,259.917,148.267
Apr-00,115.818,131.127,132.514,131.192,80.828,87.772,112.952,118.845,235.571,93.261,123.627,224.295,117.288
May-00,134.339,162.097,154.79,153.77,90.703,90.497,144.793,139.419,302.978,105.236,146.546,253.776,143.149
Jun-00,133.958,162.624,152.22,153.886,93.151,90.716,141.496,138.908,298.247,107.038,145.998,252.056,141.936
Jul-00,129.645,152.344,142.795,151.054,95.928,94.968,126.517,133.157,290.915,107.673,139.3,245.668,124.789
Aug-00,87.783,69.188,95.673,86.569,87.781,91.479,35.986,85.747,132.449,82.875,86.754,187.199,63.643
Sep-00,126.22,145.228,141.796,151.321,87.648,91.915,117.002,129.835,258.513,105.342,135.772,243.212,133.191
Oct-00,127.996,147.995,143.938,150.857,90.365,92.46,121.242,132.007,279.09,105.236,137.89,243.457,137.149
Nov-00,134.593,159.065,147.222,160.617,97.103,98.348,135.843,138.652,297.301,112.548,144.685,249.845,148.987
Dec-00,113.408,129.15,123.375,129.095,78.964,97.039,97.408,114.628,231.313,91.565,117.966,211.275,110.592
Jan-01,125.332,143.383,138.94,142.041,84.328,105.544,132.925,126.384,243.849,99.937,130.842,235.105,142.888
Feb-01,122.034,145.36,134.513,145.137,81.757,92.678,123.196,124.723,250.708,99.407,130.208,224.787,139.755
Mar-01,132.563,157.089,147.079,157.6,91.763,96.821,134.683,136.224,278.144,109.369,142.515,255.25,149.081
Apr-01,115.438,132.708,131.657,127.028,84.287,85.155,105.848,118.717,219.487,94.32,123.87,231.174,123.689
May-01,133.07,158.538,150.221,152.585,94.657,93.114,139.958,137.374,282.637,108.309,144.195,262.865,148.349
Jun-01,130.66,157.22,146.223,144.145,96.154,93.768,130.346,134.307,272.467,105.766,140.932,258.935,144.103
Jul-01,129.138,149.709,142.367,143.31,99.392,97.912,118.507,131.879,272.94,107.25,137.832,253.039,132.567
Aug-01,90.574,76.436,97.244,84.691,91.885,95.077,39.502,88.175,135.051,84.146,89.32,191.867,60.086
Sep-01,122.541,138.639,138.226,142.333,86.206,93.332,101.862,125.362,257.567,100.255,130.674,242.966,125.344
Oct-01,131.802,148.259,148.65,156.904,94.674,95.949,99.049,135.585,299.43,109.263,141.785,260.9,133.946
Nov-01,128.123,137.848,141.082,154.03,98.333,99.438,108.544,130.474,299.667,109.899,136.11,250.827,127.296
Dec-01,108.461,112.809,112.523,123.291,84.846,105.762,67.283,106.96,228.239,92.307,109.212,202.676,90.552
Jan-02,122.541,127.173,135.227,145.486,84.435,110.341,115.225,122.04,251.417,101.103,125.938,229.454,122.941
Feb-02,120.512,132.181,135.37,146.216,83.193,93.441,116.866,122.551,251.181,100.785,128.049,231.665,124.897
Mar-02,118.228,125.46,134.371,138.685,82.238,96.385,105.261,119.739,226.11,98.241,124.31,235.596,116.958
Apr-02,128.25,141.802,145.937,148.441,95.553,94.205,116.045,131.752,258.276,108.415,137.729,245.423,131.827
May-02,130.28,143.91,149.364,149.516,98.478,92.787,125.188,134.435,271.994,109.793,140.719,255.495,135.049
Jun-02,123.683,135.739,139.654,138.301,92.737,97.148,114.99,126.129,241.247,103.116,131.071,241.246,128.71
Jul-02,133.705,143.778,149.507,157.466,103.962,100.965,115.108,136.735,288.314,115.622,142.821,253.284,128.038
Aug-02,86.768,69.583,91.675,83.877,91.714,92.024,39.268,84.725,113.055,85.1,85.305,178.847,54.997
Sep-02,125.332,137.98,142.51,148.029,90.805,92.678,114.639,128.557,256.857,105.66,134.424,237.807,131.119
Oct-02,138.525,148.391,158.789,165.22,107.065,96.712,120.148,143.253,294.7,120.603,150.167,266.796,140.373
Nov-02,128.757,138.112,144.652,150.683,101.961,95.077,120.5,132.135,266.081,112.654,138.134,244.931,132.114
Dec-02,112.012,117.817,120.662,124.844,88.433,100.528,81.349,112.583,216.649,95.804,115.209,200.22,94.993
Jan-03,122.288,121.77,138.512,141.173,88.017,108.27,113.701,122.423,236.99,101.951,126.191,224.787,121.903
Feb-03,122.922,130.336,140.796,147.014,83.377,98.348,116.164,124.212,241.483,101.845,129.764,233.631,127.85
Mar-03,129.772,137.98,151.934,148.785,91.027,99.22,123.061,132.774,246.45,106.72,138.279,255.004,136.088
Apr-03,122.288,130.468,140.939,138.512,91.502,92.787,121.386,125.49,232.259,103.116,130.502,240.018,124.055
May-03,128.504,138.112,149.935,143.491,97.12,93.877,126.017,132.646,252.363,107.356,138.145,257.952,132.931
Jun-03,129.011,139.825,146.794,145.617,100.232,96.385,125.229,132.263,269.392,108.945,138.095,255.004,136.208
Jul-03,136.369,141.538,153.648,155.43,110.53,105.653,115.08,139.419,280.982,118.801,144.921,263.602,129.381
Aug-03,85.373,64.048,88.39,80.954,90.113,100.31,36.357,81.786,116.603,82.557,81.214,172.459,53.937
Sep-03,128.123,140.088,145.509,147.601,97.524,94.75,118.529,131.368,257.094,109.263,137.415,243.703,131.611
Oct-03,139.413,154.453,158.075,160.695,107.429,100.092,132.52,143.636,285.712,119.225,150.361,264.585,143.802
Nov-03,129.899,142.856,147.079,145.177,99.326,99.111,118.135,132.774,261.824,108.839,138.471,252.301,135.126
Dec-03,116.579,124.01,125.517,124.8,93.772,106.089,85.818,116.417,225.873,98.241,119.5,206.361,106.606
Jan-04,118.609,121.507,133.371,129.669,85.273,109.033,104.045,118.206,213.574,96.546,121.275,216.925,116.713
Feb-04,125.205,133.104,143.367,141.164,86.542,105.108,113.603,126.384,238.409,101.209,130.801,239.772,126.615
Mar-04,139.286,147.864,158.931,158.8,100.522,112.631,130.943,141.464,265.135,115.728,146.708,259.917,142.434
Apr-04,123.556,129.018,144.223,131.486,93.097,99.983,110.548,125.745,229.894,100.785,130.119,237.316,123.55
May-04,132.055,143.251,153.933,142.968,97.979,100.528,124.638,135.585,260.878,107.038,140.833,258.443,137.044
Jun-04,136.622,154.189,155.647,146.81,104.118,103.363,137.84,140.058,272.467,111.701,145.882,261.637,147.481
Jul-04,136.622,145.36,154.79,150.743,104.88,110.123,118.923,138.908,281.928,113.396,144,262.374,134.028
Aug-04,90.32,69.846,94.531,83.971,94.604,103.581,33.204,87.025,119.914,86.266,86.628,182.532,56.518
Sep-04,133.451,148.786,149.935,150.507,99.988,102.709,132.126,136.352,264.426,111.595,142.01,249.108,139.448
Oct-04,129.772,139.034,148.936,142.318,98.943,101.619,115.672,132.391,251.417,107.885,137.611,249.599,130.391
Nov-04,135.988,148.391,152.648,148.421,107.869,106.852,123.554,138.652,267.737,114.88,144.1,257.461,139.169
Dec-04,118.228,119.003,127.945,122.478,99.095,113.067,70.546,117.311,219.014,100.679,119.665,216.434,96.135
Jan-05,119.624,114.127,135.227,128.502,86.879,118.955,88.774,117.822,210.263,97.182,119.81,219.628,108.023
Feb-05,123.937,129.941,140.939,139.45,84.784,109.033,103.06,123.956,233.678,99.619,128.087,237.07,121.05
Mar-05,130.153,136.53,146.08,144.999,95.657,112.413,106.706,130.729,234.151,108.521,135.092,249.845,131.195
Apr-05,132.563,143.91,153.362,145.422,99.545,100.965,114.292,135.841,250.235,109.899,141.361,265.322,133.498
May-05,132.436,145.36,153.362,141.272,99.387,101.728,116.657,135.585,249.525,107.779,140.986,267.042,132.186
Jun-05,136.495,152.476,153.648,147.841,106.019,105.435,125.919,139.291,267.5,113.502,145.143,271.955,141.842
Jul-05,131.929,136.135,148.507,139.48,107.027,112.631,99.415,133.157,256.857,110.853,137.302,258.935,122.591
Aug-05,93.999,71.428,100.814,87.572,99.883,103.145,32.022,91.242,125.59,90.717,91.452,189.41,54.489
Sep-05,133.831,145.096,150.221,147.716,103.79,106.852,117.347,136.48,254.492,112.972,141.343,254.758,134.906
Oct-05,129.772,136.135,148.364,141.977,99.439,105.435,101.878,132.263,252.363,107.991,136.548,253.776,124.702
Nov-05,137.383,146.414,154.505,146.081,110.238,112.74,110.45,139.163,279.563,114.35,144.244,262.62,132.217
Dec-05,120.004,124.142,128.659,119.998,97.761,119.173,66.112,118.206,224.218,98.347,120.235,217.662,98.562
Jan-06,128.25,128.491,142.51,137.309,97.378,123.753,97.148,127.407,241.247,105.236,129.502,237.807,120.746
Feb-06,129.011,137.189,144.937,144.188,91.664,112.086,102.272,129.451,241.247,105.13,133.723,250.336,125.385
Mar-06,146.263,162.228,164.786,163.784,104.016,117.32,116.263,148.62,279.799,119.013,154.322,286.695,151.21
Apr-06,120.131,128.887,139.654,126.202,87.942,97.803,84.832,122.167,220.907,95.804,126.348,245.423,110.91
May-06,141.316,157.879,164.072,148.183,104.887,105.762,123.652,144.658,280.272,111.807,151.215,284.484,141.939
Jun-06,143.092,162.755,163.501,149.054,107.133,108.27,117.248,145.936,292.098,112.654,152.787,281.782,142.526
Jul-06,136.749,145.755,154.79,146.645,102.558,115.575,89.759,137.885,281.691,109.581,142.644,271.955,119.188
Aug-06,96.79,81.707,104.241,88.448,98.096,107.07,36.652,94.692,133.632,90.399,93.928,193.095,59.535
Sep-06,134.593,147.6,151.934,151.145,97.548,106.634,111.829,136.735,277.197,109.157,142.378,259.917,132.614
Oct-06,138.398,152.74,157.361,153.479,102.185,105.871,112.617,141.208,286.185,112.337,147.454,269.007,134.741
Nov-06,142.331,162.097,160.502,153.912,107.974,104.999,125.623,145.425,300.14,114.774,152.725,270.727,143.996
Dec-06,121.019,135.476,127.231,121.596,97.071,115.793,74.487,120.378,240.064,97.5,122.474,213.24,103.661
Jan-07,136.749,142.592,152.648,147.286,105.42,121.136,110.647,137.247,265.845,112.866,141.096,253.53,132.988
Feb-07,132.943,147.995,150.078,149.59,93.751,105.217,111.336,134.819,268.21,106.932,140.663,256.478,132.635
Mar-07,147.785,165.523,168.213,166.381,104.403,111.977,115.869,150.537,297.301,119.119,157.755,285.958,147.549
Apr-07,126.22,138.507,144.223,132.453,90.384,106.416,98.232,127.79,240.774,98.665,131.734,245.177,120.639
May-07,146.009,167.236,166.499,155.622,105.706,110.56,131.535,149.387,294.227,114.774,155.879,281.045,146.642
Jun-07,143.219,168.422,162.501,152.914,102.654,105.544,121.879,146.447,297.065,111.489,153.709,277.851,147.681
Jul-07,142.838,160.91,159.074,156.407,107.599,111.323,106.114,144.914,302.268,115.622,151.613,274.166,135.164
Aug-07,99.073,85.265,105.526,95.792,98.359,107.507,45.914,97.248,141.437,93.578,96.725,186.708,67.299
Sep-07,132.817,149.709,148.936,143.69,95.469,108.161,118.135,134.691,263.48,105.448,139.682,247.388,136.551
Oct-07,145.756,166.709,163.358,160.699,107.426,109.687,122.766,148.492,302.505,117.635,155.799,265.813,148.589
Nov-07,141.189,158.67,157.361,150.701,106.612,113.721,115.77,142.486,282.637,113.82,148.837,254.267,140.253
Dec-07,121.273,135.608,125.232,118.702,100.535,120.809,66.408,120.123,222.799,99.513,121.402,199.974,99.27
Jan-08,135.607,142.197,145.794,146.653,111.672,122.88,114.883,135.841,245.031,117.953,139.151,228.717,132.776
Feb-08,138.018,156.562,150.221,152.369,100.985,115.902,119.317,139.291,252.363,113.926,144.176,237.807,150.501
Mar-08,125.205,135.08,138.369,134.177,90.224,115.575,97.838,125.362,217.122,101.421,127.886,212.995,123.546
Apr-08,141.316,161.438,157.503,152.36,103.962,111.868,123.258,143.636,272.704,113.926,149.515,238.298,148.612
May-08,133.705,151.158,150.078,135.885,101.743,109.578,117.544,135.969,245.504,106.826,140.423,221.347,136.841
Jun-08,127.616,146.15,140.368,131.797,96.443,107.398,106.114,129.196,229.894,102.904,133.245,202.922,132.992
Jul-08,140.174,157.879,150.364,151.849,112.87,115.684,111.139,141.847,254.019,120.497,146.993,221.347,132.576
Aug-08,87.656,69.978,90.39,78.967,91.974,108.488,23.351,84.341,109.034,84.146,81.856,136.346,50.197
Sep-08,126.601,141.143,137.084,135.163,99.161,108.052,108.676,128.173,225.164,106.508,131.766,191.376,127.564
Oct-08,127.996,136.662,136.941,142.053,105.738,109.578,88.281,129.324,239.118,112.654,133.124,196.78,113.375
Nov-08,115.311,123.22,118.092,126.401,97.744,109.905,72.319,114.883,200.566,103.434,116.816,176.144,102.936
Dec-08,101.864,110.305,89.818,104.335,99.108,118.846,36.751,98.782,165.089,96.334,97.136,126.765,74.36
Jan-09,102.372,93.963,98.1,113.164,97.923,118.628,55.274,99.421,158.703,100.467,97.846,121.606,78.049
Feb-09,104.528,104.902,102.384,119.865,95.964,104.672,62.171,103.766,171.238,101.527,104.488,141.751,90.412
Mar-09,108.334,112.413,108.525,121.01,99.252,101.619,86.31,108.366,173.13,103.858,110.204,154.771,98.554
Apr-09,101.23,107.142,100.242,104.867,95.485,99.329,80.891,101.21,161.777,94.638,101.759,137.574,92.274
May-09,103.894,107.801,107.382,107.6,97.668,95.84,82.172,104.404,158.466,97.606,106.136,155.754,94.213
Jun-09,109.349,112.545,113.951,115.338,101.632,99.002,92.321,109.516,159.412,103.54,112.23,160.421,103.977
Jul-09,116.452,118.08,119.52,126.704,108.097,107.943,92.518,116.417,174.549,111.807,118.821,161.896,101.108
Aug-09,78.396,62.203,75.11,69.631,90.823,101.183,38.918,74.629,75.449,81.709,72.051,107.111,47.393
Sep-09,110.49,116.499,112.808,121.931,98.912,100.419,104.538,110.794,168.636,104.6,113.294,145.927,110.91
Oct-09,111.632,114.258,116.521,120.54,101.765,100.856,100.695,112.2,173.13,105.236,114.632,151.332,106.58
Nov-09,110.744,113.336,113.665,123.538,102.667,98.675,98.823,111.05,173.84,107.144,114.104,149.858,102.68
Dec-09,100.342,101.08,94.102,102.602,102.245,109.251,66.309,98.398,154.682,98.135,97.861,108.34,80.834
Jan-10,97.297,87.374,94.816,104.353,95.487,111.868,89.759,94.309,124.644,97.394,93.24,102.444,88.293
Feb-10,102.498,101.212,103.527,116.649,92.484,100.856,99.809,101.21,149.952,99.619,102.955,127.748,103.304
Mar-10,115.691,114.654,117.235,131.293,107.677,109.469,107.1,115.267,168.163,114.35,117.423,145.19,110.153
Apr-10,104.274,102.002,108.667,116.238,94.098,99.002,87.394,104.149,149.005,100.467,105.742,136.592,93.796
May-10,109.222,108.592,117.806,117.102,97.197,97.803,99.809,109.644,153.736,102.269,112.401,151.823,100.051
Jun-10,112.9,114.654,119.234,120.559,101.537,103.036,105.031,113.478,169.346,105.236,115.646,155.017,107.148
Jul-10,113.788,111.095,116.521,124.382,103.239,114.376,98.134,113.094,162.723,108.733,113.624,151.823,99.991
Aug-10,81.06,57.59,79.965,74.439,95.312,105.108,24.829,77.313,80.652,86.266,74.364,107.111,44.364
Sep-10,109.222,108.723,112.951,120.49,99.474,102.927,94.39,109.133,153.026,105.448,110.975,142.488,101.476
Oct-10,107.699,104.111,112.666,118.08,97.447,103.799,91.237,107.344,150.425,103.328,108.785,141.014,100.677
Nov-10,114.55,115.576,118.377,123.751,105.459,107.07,99.612,114.628,160.831,109.899,116.633,141.505,105.762
Dec-10,100.722,97.522,94.959,101.559,104.594,113.285,62.073,98.526,139.072,100.361,97.224,106.374,80.189
Jan-11,101.206,89.97,101.726,108.523,94.139,114.044,86.507,97.796,114.332,99.546,97.632,110.323,89.992
Feb-11,104.976,105.476,110.323,114.057,91.686,100.042,97.148,105.177,132.653,99.313,106.35,126.985,101.726
Mar-11,116.08,117.296,123.605,126.226,101.27,107.188,107.631,116.868,152.546,109.321,118.556,146.063,110.817
Apr-11,99.119,99.767,104.778,103.862,88.878,93.936,89.941,99.716,125.446,93.238,100.562,126.957,93.764
May-11,108.984,111.815,115.321,115.831,100.715,97.188,101.964,110.71,144.334,104.563,112.268,139.105,104.351
Jun-11,110.222,114.46,113.639,115.57,102.242,102.457,105.627,110.895,142.544,105.484,112.384,137.236,107.434
Jul-11,109.265,109.877,109.115,118.279,101.766,108.822,90.177,108.544,146.735,106.19,109.388,130.596,96.977
Aug-11,83.693,62.207,77.392,81.2,99.547,107.929,25.287,78.084,76.577,92.422,76.945,92.719,43.242
Sep-11,107.996,111.53,108.109,114.688,103.691,102.745,102.889,108.332,143.06,105.864,109.458,123.857,109.514
Oct-11,102.537,103.099,105.569,109.083,98.278,95.875,85.665,103.291,130.164,100.971,104.392,121.784,97.604
Nov-11,105.451,106.288,106.563,111.733,105.022,98.804,90.368,106.341,137.106,105.689,107.302,116.611,100.521
Dec-11,94.424,92.429,85.029,96.704,103.809,103.427,49.428,92.189,114.03,99.483,91.917,89.636,71.324
Jan-12,98.518,86.372,97.983,103.03,98.543,110.362,72.522,95.508,108.134,99.96,95.22,99.18,84.711
Feb-12,101.418,97.38,102.166,109.761,90.035,108.364,87.697,99.286,117.664,97.456,99.484,109.35,97.839
Mar-12,104.142,99.883,106.924,113.06,97.615,103.681,83.096,103.638,123.115,103.109,104.27,112.44,97.994
Apr-12,91.362,83.945,93.836,96.302,87.204,95.791,64.757,89.96,105.49,90.172,90.129,98.851,79.738
May-12,103.709,101.213,105.64,111.875,102.158,99.17,80.828,104.129,128.835,104.743,104.973,114.911,98.273
Jun-12,102.102,100.115,102.837,107.682,99.653,101.408,79.486,101.841,119.082,102.003,102.295,112.274,95.996
Jul-12,104.414,100.931,101.281,111.135,101.236,111.737,83.474,102.901,127.591,103.938,102.375,112.042,96.662
Aug-12,80.732,57.593,71.93,76.472,97.115,111.798,23.861,74.154,75.602,88.743,72.082,78.804,44.038
Sep-12,94.534,87.871,94.177,99.122,93.488,100.582,72.451,93.027,111.106,94.81,92.85,98.865,87.526
Oct-12,101.949,98.822,101.465,110.587,103.612,99.297,80.046,102.314,125.58,105.237,102.687,107.529,93.745
Nov-12,97.218,95.069,94.706,100.497,101.599,98.22,82.023,96.805,113.717,100.066,96.939,95.941,90.577
Dec-12,84.802,80.769,76.033,80.469,89.135,103.522,54.096,80.919,91.935,84.652,79.59,75.186,65.635
Jan-13,94.953,84.129,94.322,100.263,93.229,106.305,80.815,92.306,91.922,96.79,91.792,87.273,86.474
Feb-13,92.564,89.357,91.67,99.679,86.722,97.692,92.235,91.252,97.405,92.207,91.136,90.849,91.508
Mar-13,93.328,90.984,92.122,96.607,88.861,99.432,78.704,91.879,96.614,92.029,91.628,90.907,85.567
Apr-13,97.041,94.28,98.143,103.56,95.212,95.51,84.816,97.351,100.564,98.872,97.467,96.785,91.322
May-13,100.614,100.897,102.078,104.635,99.907,95.736,94.144,101.59,108.877,101.493,101.972,104.016,97.169
Jun-13,97.313,99.995,97.93,96.703,92.861,97.157,88.021,97.141,101.043,94.077,97.356,100.778,94
Jul-13,105.375,102.695,101.5,109.781,102.804,114.068,90.283,103.223,115.4,105.198,102.955,105.344,95.245
Aug-13,77.203,54.374,68.659,73.018,94.559,106.653,29.696,70.91,66.43,86.289,69.003,71.572,41.912
Sep-13,97.955,96.475,96.706,100.899,97.117,100.46,86.774,97.149,106.935,98.17,97.258,98.04,93.375
Oct-13,103.111,105.14,102.557,110.235,103.013,97.059,91.126,104.118,114.304,105.634,104.796,105.126,103.925
Nov-13,97.084,98.52,94.398,102.292,97.712,95.97,85.672,96.884,99.664,99.8,97.394,95.551,94.727
Dec-13,88.283,86.342,78.582,82.299,95.306,105.105,61.446,84.714,85.058,89.76,83.599,78.949,68.475
Jan-14,94.691,85.202,93.778,95.708,99.635,102.504,79.917,92.811,87.27,98.72,92.516,86.832,85.6
Feb-14,95.181,94.952,94.908,98.291,92.361,96.089,98.212,94.819,94.386,95.107,94.928,90.891,98.921
Mar-14,100.861,102.586,101.433,104.875,96.879,98.436,97.758,101.31,101.623,100.415,101.536,100.923,103.398
Apr-14,94.962,94.099,96.01,96.371,94.855,93.355,92.23,95.337,95.032,95.585,95.409,95.913,91.448
May-14,101.235,100.592,102.825,102.805,102.069,97.611,103.215,101.923,102.008,102.435,102.244,105.592,101.894
Jun-14,99.994,99.711,101.99,98.768,97.908,99.457,99.201,99.973,101.126,98.066,100.144,103.712,99.033
Jul-14,106.527,101.826,105.437,109.657,108.42,110.165,101.596,105.433,111.37,108.785,105.514,105.94,101.906
Aug-14,75.341,48.462,70.943,66.58,95.049,103.672,23.593,69.245,60.427,83.908,67.453,76.227,38.166
Sep-14,101.473,99.597,100.422,105.371,102.978,101.603,96.692,101.098,102.159,104.22,101.437,99.502,101.374
Oct-14,104.017,104.02,105.837,108.432,106.962,95.688,102.9,105.571,113.929,107.113,106.336,106.065,108.932
Nov-14,96.792,96.942,97.468,99.043,98.662,92.504,93.077,97.635,103.264,98.472,97.986,96.984,95.111
Dec-14,91.044,91.005,82.855,88.187,98.192,100.974,67.726,88.991,92.466,93.749,88.279,79.884,77.802
Jan-15,92.481,84.348,91.846,90.13,91.199,105.476,95.783,89.659,82.594,91.38,88.863,83.215,89.207
Feb-15,96.267,98.657,96.615,99.466,89.811,95.972,108.518,96.112,99.511,93.756,96.349,93.506,103.556
Mar-15,105.904,106.248,108.32,111.196,102.012,101.065,113.526,106.808,108.979,105.949,107.251,106.857,108.945
Apr-15,97.291,95.278,101.363,96.906,95.284,94.653,95.847,97.923,98.11,95.849,98.025,102.386,95.791
May-15,102.541,104.005,106.033,100.492,98.768,99.391,112.651,103.27,99.903,99.521,103.418,109.602,106.87
Jun-15,107.401,114.147,109.073,103.011,102.266,103.86,118.063,107.875,109.601,102.031,108.387,109.532,113.956
Jul-15,112.937,113.053,109.585,113.067,110.131,120.566,113.799,110.95,116.251,111.07,110.813,109.861,111.435
Aug-15,79.079,53.73,74.549,70.907,99.198,105.147,27.889,73.845,67.051,87.943,71.821,80.942,41.245
Sep-15,105.414,112.745,104.923,107.664,105.233,96.464,113.776,107.21,106.635,106.311,107.906,106.782,115.923
Oct-15,103.853,109.721,105.86,110.373,101.63,91.201,107.169,106.797,110.705,105.179,107.376,106.637,110.6
Nov-15,102.661,108.75,103.602,107.86,103.371,90.07,115.405,105.418,109.232,105.095,106.167,102.952,111.255
Dec-15,94.17,99.319,88.23,88.929,101.098,96.133,77.574,94.133,91.428,95.916,93.623,87.728,91.219
Jan-16,95.367,90.541,94.029,98.544,95.181,100.544,96.036,94.103,83.559,97.813,93.926,87.394,92.785
Feb-16,102.68,109.911,103.425,106.508,96.285,96.361,124.248,104.374,101.386,100.885,104.439,100.406,118.18
Mar-16,104.907,110.583,105.843,103.878,99.294,102.033,124.31,105.756,101.272,101.383,105.707,99.774,115.749
Apr-16,106.318,117.326,108.384,110.77,98.393,94.981,136.143,109.279,103.874,104.021,109.475,104.772,125.58
May-16,104.97,113.398,109.343,105.544,101.511,92.276,122.635,108.239,106.706,103.058,108.504,109.754,118.689
Jun-16,106.302,115.095,109.642,106.293,105.471,93.266,124.959,109.512,112.154,105.313,109.932,111.608,120.257
Jul-16,104.111,104.304,103.901,105.155,102.111,104.94,102.206,103.978,107.374,103.166,103.88,107.131,104.731
Aug-16,83.68,63.903,78.815,75.157,102.89,102.684,44.465,79.188,72.051,91.842,78.389,84.96,54.573
Sep-16,106.291,109.994,107.525,106.067,108.37,99.574,116.043,108.061,110.875,107.027,108.161,104.98,115.185
Oct-16,102.547,103.811,103.486,101.925,100.861,101.393,107.88,103.185,104.383,101.088,102.868,107.273,108.253
Nov-16,107.601,112.254,108.621,109.083,107.069,100.988,119.899,109.56,118.855,107.068,109.442,109.352,116.8
Dec-16,94.06,91.943,89.304,85.491,100.966,102.919,66.783,92.356,94.561,93.892,91.593,88.168,77.918
Jan-17,101.932,94.808,102.156,94.358,100.708,113.784,102.959,99.024,90.66,98.43,98.632,93.079,99.61
Feb-17,101.27,108.477,103.569,104.798,92.292,94.677,121.12,102.902,102.603,97.577,103.106,99.977,115.714
Mar-17,114.687,124.87,119.727,125.915,104.564,97.861,130.131,119.175,126.347,113.234,119.372,117.8,130.069
Apr-17,94.761,97.418,99.828,91.724,89.339,90.23,86.329,96.508,95.787,89.969,96.023,101.252,91.985
May-17,111.422,119.569,117.555,117.64,106.621,94.412,125.111,115.881,122.505,110.706,116.158,122.243,120.28
Jun-17,111.016,120.169,114.428,107.925,105.787,102.042,116.827,113.41,119.054,105.722,113.515,113.929,120.224
Jul-17,106.997,110.259,108.684,104.65,102.325,105.649,100.645,107.457,111.566,102.692,107.372,111.116,103.469
Aug-17,85.885,66.309,83.335,77.193,103.19,102.822,33.404,82.022,72.499,92.983,81.169,85.368,49.444
Sep-17,106.461,113.524,111.395,102.329,104.13,96.199,115.26,109.283,111.729,102.605,109.318,108.515,113.331
Oct-17,109.454,115.87,113.693,111.107,104.771,99.212,109.265,112.069,114.197,107.095,112.306,112.374,113.368
Nov-17,112.676,120.079,115.567,111.278,108.499,104.609,121.421,114.474,116.147,109.222,114.922,114.022,119.44
Dec-17,97.039,97.635,91.356,85.288,96.142,111.204,73.817,93.886,95.922,90.821,93.095,88.693,81.655
Jan-18,105.313,102.462,109.35,103.254,102.068,105.884,103.452,105.519,97.147,103.065,105.154,99.997,103.151
Feb-18,104.06,110.023,108.212,103.416,93.009,99.789,115.298,105.152,105.968,97.038,105.249,103.791,113.31
Mar-18,110.466,117.187,112.515,118.832,96.181,105.551,118.252,111.821,109.552,106.199,111.834,107.837,118.593
Apr-18,105.317,113.409,111.268,106.076,95.687,94.706,119.479,108.485,103.247,100.161,108.271,108.389,113.209
May-18,112.755,123.626,121.772,111.279,105.787,94.554,132.084,117.885,118.305,107.436,117.823,123.729,123.575
Jun-18,108.622,120.914,116.375,103.262,101.907,92.651,124.794,112.675,110.024,101.891,113.069,115.865,117.315
Jul-18,110.835,120.54,114.758,107.822,103.617,101.844,106.558,113.285,115.765,104.664,113.338,116.225,114.056
Aug-18,86.762,69.793,83.461,75.246,102.602,104.557,40.491,82.766,71.338,91.775,81.807,82.46,53.011
Sep-18,103.342,108.558,107.985,99.319,100.656,95.539,87.346,105.508,103.025,99.799,105.515,111.977,103.392
Oct-18,113.554,123.847,117.221,114.797,110.803,99.107,113.748,117.695,119.039,112.074,117.576,114.938,120.701
Nov-18,108.957,119.107,110.807,105.528,107.498,98.846,113.91,111.935,115.238,105.878,111.772,110.238,113.516
Dec-18,92.975,94.189,89.219,80.97,99.143,99.392,65.264,92.162,86.047,91.305,91.188,93.198,77.641
Jan-19,107.589,106.281,109.425,100.376,109.298,109.18,104.98,107.416,94.983,106.113,107.146,103.494,103.33
Feb-19,104.141,114.37,107.909,101.673,99.919,92.585,112.971,107.096,104,100.438,107.359,108.372,114.215
Mar-19,110.276,122.996,116.397,110.371,100.329,95.268,116.975,114.585,107.628,104.656,114.455,118.5,121.657
Apr-19,103.201,110.523,108.924,101.773,98.345,91.766,103.129,106.569,99.464,99.937,106.385,113.263,103.408
May-19,114.57,125.967,119.804,121.643,109.504,95.19,125.687,119.862,113.354,115.151,119.966,123.583,123.235
Jun-19,106.514,119.656,109.838,99.228,99.202,97.213,115.763,108.988,104.783,98.745,109.104,112.56,115.892
Jul-19,114.698,123.176,114.8,113.642,109.41,109.916,106.949,115.853,119.471,110.645,116.029,119.751,114.962
Aug-19,85.929,69.116,80.465,75.387,101.992,105.875,50.646,81.378,66.103,91.924,80.375,81.716,52.72
Sep-19,106.408,113.972,108.909,103.134,103.793,98.71,105.669,108.549,107.418,103.164,108.551,111.322,108.17
Oct-19,114.613,129.018,117.775,115.129,114.631,95.257,117.432,119.605,121.124,114.329,120.002,121.89,119.851
Nov-19,108.345,121.368,109.422,104.42,105.491,97.545,111.033,110.901,109.772,104.604,111.352,110.393,109.84
Dec-19,95.063,100.947,89.452,87.152,97.272,99.633,79.203,94.33,92.738,92.675,93.791,92.165,83.576
Jan-20,102.997,103.573,105.714,100.115,101.62,101.116,107.123,103.71,92.375,101.657,103.521,97.567,102.097
Feb-20,103.758,114.526,109.561,105.043,93.711,90.607,118.776,107.161,103.999,98.42,107.42,107.907,115.563
Mar-20,96.976,89.238,103.081,99.405,100.004,93.174,66.913,98.259,75.965,101.732,98.035,99.07,76.035
Apr-20,67.987,46.597,69.224,64.569,85.819,78.359,2.198,65.606,30.859,79.989,65.099,52.275,24.582
May-20,82.448,75.261,86.743,84.516,88.672,78.696,44.451,83.392,65.045,88.615,83.493,94.741,57.296
Jun-20,95.798,103.248,97.931,96.525,94.491,85.706,102.119,98.018,93.136,95.606,98.608,105.229,93.891
Jul-20,107.492,109.721,108.232,110.51,104.024,104.821,107.383,107.511,111.05,106.623,108.236,112.814,100.816
Aug-20,80.886,62.007,78.353,67.946,95.641,101.048,35.938,75.721,70.195,84.157,75.272,90.355,43.497
Sep-20,105.82,110.968,110.055,105.548,105.01,95.399,112.857,108.186,111.18,104.755,108.722,109.92,107.919
Oct-20,107.524,116.032,114.571,107.905,103.398,91.599,124.609,111.409,113.32,104.78,111.958,119.256,115.807
Nov-20,105.993,115.119,113.662,104.581,101.315,89.909,122.107,110.013,110.346,102.162,110.471,115.95,113.032
Dec-20,97.14,101.235,94.599,84.074,100.116,101.59,87.355,95.875,95.688,92.597,95.901,95.395,85.659
Jan-21,95.706,91.657,99.177,86.586,90.397,103.438,99.332,93.533,83.467,89.105,93.553,95.682,89.211
Feb-21,99.968,103.907,107.343,100.335,93.617,89.711,96.341,102.402,100.559,96.337,102.824,109.658,98.974
Mar-21,111.651,116.935,121.157,115.622,105.277,95.148,98.273,115.571,113.92,109.639,116.246,124.599,103.364
